Workbook

Sheet About This Sample
A1: Purdance Studio — Showcase Show Calculator
A3: Built by Dunai Sanchez, Marketing Coordinator, Purdance Studio (2025 annual showcase).
A5: What this tool does
A6: Plans a full dance showcase end to end: total running time, the performance run order with
A7: cumulative start times, tech rehearsal slots, and the day of show schedule.
A9: Tabs
A10: Show Calculator — enter each act duration as text; formulas convert and total the show time.
A11: Performance Time Calculator — pulls durations in with VLOOKUP and builds cumulative start times from doors.
A12: Tech Time Calculator — schedules tech rehearsal slots back to back from a single start time.
A13: Day Schedule — the day of show timeline at a glance.
A14: Follow Up Submissions — tracks which groups have submitted their doc, music, photos, and blurbs.
A16: Note: instructor and host names were replaced with generic labels for privacy. Song and dance titles are original.

Sheet Show Calculator
A1: Duration | B1: Dance Style | C1: Performance Groups | D1: Text Input
A2: =TIMEVALUE(D2) | B2: Opening | C2: Host 1 & Host 2 Introduction | D2: 00:05:00
A3: =TIMEVALUE(D3) | B3: Kpop | C3: K-POP All Levels w/ Instructor A (black and silver) | D3: 00:03:10 | E3: =A1 | F3: =A19
A4: =TIMEVALUE(D4) | B4: Contemporary | C4: Contemporary Beginner w/ Instructor B | D4: 00:04:12 | E4: How to use: Write time as plain text in Text input HH:MM:SS
A5: =TIMEVALUE(D5) | B5: Tap | C5: Tap w/ Instructor C | D5: 00:02:37
A6: =TIMEVALUE(D6) | B6: Choreo | C6: Hip Hop Beginner w/ Host 1 | D6: 00:02:54
A7: =TIMEVALUE(D7) | B7: KPop | C7: KDCosmix (Blue brown black) | D7: 00:04:05
A8: =TIMEVALUE(D8) | B8: Heels | C8: Heels w/ Instructor D | D8: 00:04:18
A9: =TIMEVALUE(D9) | B9: Jazz | C9: Commercial Jazz w/ Instructor C (chairs) (allblack) | D9: 00:03:07
A10: =TIMEVALUE(D10) | B10: Talking | C10: Host 1 & Host 2 Introduce Intermission (Merch, Classes, Vendors) | D10: 00:3:00
A11: =TIMEVALUE(D11) | B11: Intermission | C11: Intermission | D11: 00:15:00
A12: =TIMEVALUE(D12) | B12: KPop | C12: Synkronize | D12: 00:05:24
A13: =TIMEVALUE(D13) | B13: Choreo | C13: Hip Hop Int/Adv w/ Host 2 | D13: 00:02:57
A14: =TIMEVALUE(D14) | B14: Swing | C14: Lindy Hip Hop Swing | D14: 00:03:34
A15: =TIMEVALUE(D15) | B15: KPop | C15: All Starz | D15: 00:03:29
A16: =TIMEVALUE(D16) | B16: Choreo | C16: Full Potential (Earth Tones) | D16: 00:04:50
... A18: =TIMEVALUE(D18) | B18: Closing | C18: Host 1 & Host 2 Closing | D18: 00:10:00
A19: =SUM(A2:A18) | C19: Total Show Time

Sheet Performance Time Calculator
A1: Time | B1: Duration | C1: Order | D1: Dance Name | E1: Performer
A2: 0.70833333 | B2: =VLOOKUP('Show Calculator'!A2, 'Show Calculator'!A1:C17, 1, FALSE) | C2: 1 | D2: Host | E2: Host 1 & Host 2 Introduction
A3: =sum(A2+B2) | B3: =VLOOKUP('Show Calculator'!A3, 'Show Calculator'!A2:C18, 1, FALSE) | C3: 2 | D3: Whiplash | E3: K-POP All Levels w/ Instructor A
A4: =A3+B3 | B4: =VLOOKUP('Show Calculator'!A4, 'Show Calculator'!A3:C19, 1, FALSE) | C4: 3 | D4: Arabesque1 | E4: Contemporary Beginner Instructor B
A5: =A6+B6 | B5: =VLOOKUP('Show Calculator'!A5, 'Show Calculator'!A5:C21, 1, FALSE) | C5: 4 | D5: ComeTogether | E5: Tap Instructor C
A6: =A4+B4 | B6: =VLOOKUP('Show Calculator'!A6, 'Show Calculator'!A4:C20, 1, FALSE) | C6: 5 | D6: Y2Krazy | E6: Hip Hop Beginner Host 1
A7: =A5+B5 | B7: =VLOOKUP('Show Calculator'!A7, 'Show Calculator'!A5:C22, 1, FALSE) | C7: 6 | D7: TouchXRollerCoaster | E7: KDCosmix*
A8: =A7+B7 | B8: =VLOOKUP('Show Calculator'!A8, 'Show Calculator'!A7:C23, 1, FALSE) | C8: 7 | D8: RiriMix | E8: Heels Instructor D
A9: =A8+B8 | B9: =VLOOKUP('Show Calculator'!A9, 'Show Calculator'!A8:C24, 1, FALSE) | C9: 8 | D9: Disease | E9: Commercial Jazz Instructor C
A10: =A9+B9 | B10: =VLOOKUP('Show Calculator'!A10, 'Show Calculator'!A9:C25, 1, FALSE) | C10: 9 | D10: Announcements | E10: Host 1 & Host 2 Intermission
A11: =A10+B10 | B11: =VLOOKUP('Show Calculator'!A11, 'Show Calculator'!A10:C26, 1, FALSE) | C11: - | D11: - | E11: Intermission
A12: =A11+B11 | B12: =VLOOKUP('Show Calculator'!A12, 'Show Calculator'!A11:C27, 1, FALSE) | C12: 10 | D12: IZN&Stealer | E12: Synkronize*
A13: =A12+B12 | B13: =VLOOKUP('Show Calculator'!A13, 'Show Calculator'!A12:C28, 1, FALSE) | C13: 11 | D13: Backstreets | E13: Hip Hop ADV Host 2
A14: =A13+B13 | B14: =VLOOKUP('Show Calculator'!A14, 'Show Calculator'!A13:C29, 1, FALSE) | C14: 12 | D14: LindyHop | E14: Lindy Hip Hop Swing*
A15: =A14+B14 | B15: =VLOOKUP('Show Calculator'!A15, 'Show Calculator'!A14:C30, 1, FALSE) | C15: 13 | D15: Jungle | E15: All Starz*
A16: =A15+B15 | B16: =VLOOKUP('Show Calculator'!A16, 'Show Calculator'!A15:C31, 1, FALSE) | C16: 14 | D16: CountMeOut | E16: Full Potential*
A17: =A16+B16 | B17: =VLOOKUP('Show Calculator'!A17, 'Show Calculator'!A16:C32, 1, FALSE) | C17: 15 | D17: LSH | E17: Broadway Jazz Instructor E
A18: =A17+B17 | B18: =VLOOKUP('Show Calculator'!A18, 'Show Calculator'!A17:C33, 1, FALSE) | C18: 16 | D18: Closing | E18: Host 1 & Host 2
A19: End of Showtime | B19: =A18+B18 | E19: *Guest Group

Sheet Tech Time Calculator
A1: Time Input | B1: Start Time | C1: Duration | D1: End Time | E1: Dance Name | F1: Performers | G1: How to use: Adjust Time on Time input dropdown menu | R1: Time: | S1: Activities: | T1: Names:
A2: 0:05:00 | B2: 0.5625 | C2: =TIMEVALUE(A2) | D2: =SUM(B2+C2) | E2: Host | F2: Host 1 & Host 2 | G2: Adjust Start Time in B2
A3: 0:07:00 | B3: =D2 | C3: =TIMEVALUE(A3) | D3: =SUM(B3+C3) | E3: Whiplash | F3: K-POP All Levels - Instructor A
A4: 0:07:00 | B4: =D3 | C4: =TIMEVALUE(A4) | D4: =SUM(B4+C4) | E4: Arabesque1 | F4: Contemporary Beginner - Instructor B
A5: 0:07:00 | B5: =D4 | C5: =TIMEVALUE(A5) | D5: =SUM(B5+C5) | E5: ComeTogether | F5: Tap - Instructor C
A6: 0:07:00 | B6: =D5 | C6: =TIMEVALUE(A6) | D6: =SUM(B6+C6) | E6: Y2Krazy | F6: Hip Hop Beginner - Host 1
A7: 0:07:00 | B7: =D6 | C7: =TIMEVALUE(A7) | D7: =SUM(B7+C7) | E7: TouchXRollercoaster | F7: KDCosmix
A8: 0:07:00 | B8: =D7 | C8: =TIMEVALUE(A8) | D8: =SUM(B8+C8) | E8: Riri | F8: Heels - Instructor D
A9: 0:07:00 | B9: =D8 | C9: =TIMEVALUE(A9) | D9: =SUM(B9+C9) | E9: Disease | F9: Commercial Jazz - Instructor C
A10: 0:00:00 | B10: =D9 | C10: =TIMEVALUE(A10) | D10: =SUM(B10+C10) | E10: - | F10: Host 1 & Host 2 (Merch, Classes, Vendors)
A11: 0:00:00 | B11: =D10 | C11: =TIMEVALUE(A11) | D11: =SUM(B11+C11) | E11: - | F11: Intermission
A12: 0:07:00 | B12: =D11 | C12: =TIMEVALUE(A12) | D12: =SUM(B12+C12) | E12: IZNA&Stealer | F12: Synkronize
A13: 0:07:00 | B13: =D12 | C13: =TIMEVALUE(A13) | D13: =SUM(B13+C13) | E13: Backstreets | F13: Hip Hop ADV - Host 2
A14: 0:07:00 | B14: =D13 | C14: =TIMEVALUE(A14) | D14: =SUM(B14+C14) | E14: Lindy Hop | F14: Lindy Hip Hop Swing
... A18: 0:00:00 | B18: =D17 | C18: =TIMEVALUE(A18) | D18: =SUM(B18+C18) | E18: - | F18: Host 1 & Host 2 Closing

Sheet Day Schedule
B4: Time | C4: Event
B5: 12:30PM - 12:45PM | C5: Staff meeting
B6: 12:45 PM-1:45 PM | C6: Set Up
B7: 1:45 PM - 3:15 PM | C7: Run Tech
B8: 3:15 PM - 3:45 PM | C8: Lunch
B9: 4:10 PM - 4:30PM | C9: Cast Meeting
B10: 0.6875 | C10: House Opens
B11: 0.70833333 | C11: Show Starts
B12: 0.76736111 | C12: End Time
B13: 6:35 PM -7:00 PM | C13: Clean Up
B14: 6 Hours 15 Minutes | C14: Total Time

Sheet Follow Up Submissions
B1: Groups | E1: Google Doc Submitted | G1: Music Submitted | I1: Photos Submitted | K1: Blurbs
A2: Contemporary | B2: Contemporary Beginner w/ Instructor B | E2: No | G2: Yes
A3: Heels | B3: Heels w/ Instructor D | E3: Yes | G3: Yes
A4: Choreo | B4: Hip Hop Beginner w/ Host 1 | E4: Yes | G4: Yes
A5: Choreo | B5: Hip Hop Int/Adv w/ Host 2 | E5: Yes | G5: Yes
A6: Kpop | B6: K-POP All Levels w/ Instructor A | E6: Yes | G6: Yes
A7: Tap | B7: Tap w/ Instructor C | E7: Yes | G7: Yes
A8: Jazz | B8: Commercial Jazz w/ Instructor C | E8: Yes | G8: Yes
A9: Choreo | B9: Full Potential* | E9: Yes | G9: Yes | I9: Yes | K9: Submitted
A10: KPop | B10: Synkronize* | E10: Yes | G10: No | I10: No | K10: submitted
A11: KPop | B11: All Starz* | E11: Yes | G11: Yes | I11: Yes | K11: Submitted
A12: Jazz | B12: Broadway Jazz w/ Instructor E | E12: Yes | G12: Yes
A13: KPop | B13: KDCosmix* | E13: Yes | G13: Yes | I13: Yes | K13: Submitted
A14: Swing | B14: Zohard Lindsay Hoppers | E14: Yes | G14: Yes | I14: No | K14: Submitted
